{
  "index": "/index.html",
  "appData": {
    "name": "ngPWA PWANOTE",
    "description": "A simple guide to use angular pwa"
  },
  "assetGroups": [{
      "name": "app",
      "installMode": "prefetch",
      "resources": {
        "files": [
          "/favicon.ico",
          "/index.html"
        ],
        "versionedFiles": [
          "/*.bundle.css",
          "/*.bundle.js",
          "/*.chunk.js"
        ]
      }
    }, {
      "name": "assets",
      "installMode": "lazy",
      "updateMode": "prefetch",
      "resources": {
        "files": [
          "/assets/**"
        ]
      }
    },
    {
      "name": "fonts",
      "resources": {
        "urls": [
          "https://fonts.googleapis.com/**",
          "https://fonts.gstatic.com/**"
        ]
      }
    },
    {
      "name": "external",
      "resources": {
        "urls": [
          "https://maxcdn.bootstrapcdn.com/bootstrap/4.0.0/css/**"
        ]
      }
    }
  ],
  "dataGroups": [{
      "name": "api-freshness",
      "urls": [
        "/api"
      ],
      "cacheConfig": {
        "maxSize": 100,
        "maxAge": "3d",
        "timeout": "1m",
        "strategy": "freshness"
      }
    },
    {
      "name": "api-performance",
      "urls": [
        "/another-api"
      ],
      "cacheConfig": {
        "maxSize": 100,
        "maxAge": "3d",
        "timeout": "10s",
        "strategy": "performance"
      }
    }
  ]
}
